{"cameraMode":{"drawMode":0,"name":"Shaded","section":"Shading Mode"},"sceneLighting":false,"audioPlay":false,"sceneViewState":{"m_AlwaysRefresh":false,"showFog":true,"showSkybox":false,"showFlares":true,"showImageEffects":true,"showParticleSystems":true,"showVisualEffectGraphs":true,"m_FxEnabled":true},"in2DMode":false,"pivot":{"x":248.60073852539063,"y":146.44964599609376,"z":61.928306579589847},"rotation":{"x":-0.18217693269252778,"y":0.24548742175102235,"z":-0.04710545018315315,"w":-0.950887143611908},"size":12.12435531616211,"orthographic":false}